"Rank","Name","Current Players","Peak Players","Hours Played","Page"
1,"Counter-Strike 2",606181,1574182,520584472,1
2,"Dota 2",493281,903542,329115927,1
3,"ARC Raiders",254509,459483,135057078,1
4,"Battlefield™ 6",102786,440053,85892815,1
5,"Marvel Rivals",96035,142802,39165182,1
6,"PUBG: BATTLEGROUNDS",85623,688835,149586545,1
7,"Rust",82775,173149,52726231,1
8,"Banana",82194,106743,41267290,1
9,"Where Winds Meet",80189,249851,53288276,1
10,"Bongo Cat",74473,118449,47315864,1
11,"Call of Duty®",54859,91752,27446144,1
12,"Geometry Dash",52931,79728,23929605,1
13,"Wallpaper Engine",52266,144308,45463028,1
14,"Warframe",50166,86409,31228111,1
15,"Baldur's Gate 3",48756,78309,24357024,1
16,"Grand Theft Auto V Legacy",47187,116263,35453937,1
17,"Team Fortress 2",46431,77876,25325202,1
18,"Tom Clancy's Rainbow Six® Siege X",44491,61628,18743798,1
19,"ELDEN RING NIGHTREIGN",44107,133355,17008308,1
20,"Grand Theft Auto V Enhanced",43083,102457,29221062,1
21,"Stardew Valley",41351,99842,28181268,1
22,"HELLDIVERS™ 2",40324,68577,15853083,1
23,"Crosshair X",40244,66486,22789944,1
24,"Destiny 2",40232,70905,11465249,1
25,"Apex Legends",37625,223854,47374835,1
26,"VRChat",35939,61353,21893077,2
27,"Dead by Daylight",34699,79433,22374655,2
28,"Overwatch® 2",34332,41944,15371717,2
29,"War Thunder",34284,90570,28158729,2
30,"Cyberpunk 2077",32916,58733,16373333,2
31,"Total War: WARHAMMER III",32836,64158,13311850,2
32,"Delta Force",31675,193962,45701376,2
33,"EA SPORTS FC™ 26",31223,80464,21353508,2
34,"Mount & Blade II: Bannerlord",29901,76423,18219560,2
35,"DayZ",29220,60517,17886255,2
36,"Red Dead Redemption 2",28973,64918,20336611,2
37,"World of Warships",25853,108525,9920078,2
38,"The Elder Scrolls V: Skyrim Special Edition",25611,40135,12813568,2
39,"Spacewar",23688,80830,22136757,2
40,"PAYDAY 2",23642,32541,11146701,2
41,"The Sims™ 4",22996,36085,12563645,2
42,"Left 4 Dead 2",22858,36383,10765783,2
43,"Fish Idle 2: Underwater Mystery",22637,44128,14281963,2
44,"Football Manager 26",22398,82082,21367033,2
45,"R.E.P.O.",22014,95511,18910621,2
46,"Hearts of Iron IV",21993,87296,21493524,2
47,"Project Zomboid",21035,33247,11240595,2
48,"Sid Meier's Civilization VI",20988,49820,16121570,2
49,"Palworld",20849,51042,15091627,2
50,"Umamusume: Pretty Derby",20446,31640,7673518,2
51,"RimWorld",20444,34047,12729493,3
52,"ELDEN RING",20116,36017,12230344,3
53,"tModLoader",19826,45520,13922143,3
54,"Euro Truck Simulator 2",19134,72523,16786942,3
55,"Warhammer 40,000: Darktide",19104,34319,6126212,3
56,"Rocket League",18639,27157,8008097,3
57,"Risk of Rain 2",18492,43600,11919544,3
58,"Terraria",18196,35646,12021369,3
59,"FINAL FANTASY XIV Online",17859,20743,7449294,3
60,"Legends of Idleon MMO",17846,20884,8417925,3
61,"Enshrouded",17657,48038,12171563,3
62,"Satisfactory",17634,31668,8845433,3
63,"Arena Breakout: Infinite",17592,39852,11882800,3
64,"Valheim",17137,38872,9853108,3
65,"Farming Simulator 25",17039,59326,14092438,3
66,"Counter-Strike: Source",16993,19250,7662706,3
67,"Megabonk",16707,38504,9430398,3
68,"Path of Exile",16684,116571,21806017,3
69,"Escape from Tarkov",16594,42711,11412263,3
70,"Europa Universalis V",16524,72816,15907735,3
71,"Garry's Mod",16395,32386,10178640,3
72,"BeamNG.drive",16114,29856,9562257,3
73,"7 Days to Die",15895,36227,11031630,3
74,"Fallout 4",15100,25110,8391215,3
75,"Age of Empires II: Definitive Edition",14970,26035,9105216,3
76,"Hogwarts Legacy",14738,29261,7376987,4
77,"Fallout 76",14458,20766,5071314,4
78,"PEAK",14342,72803,13577160,4
79,"The Binding of Isaac: Rebirth",14212,23598,8880633,4
80,"ARK: Survival Ascended",13922,28116,10186604,4
81,"Limbus Company",13891,65176,14240563,4
82,"Black Desert",13542,20839,8317029,4
83,"Hollow Knight: Silksong",13524,40318,10233346,4
84,"Crusader Kings III",13244,49376,11326542,4
85,"Clair Obscur: Expedition 33",13233,26136,7645942,4
86,"No Man's Sky",13045,31419,7563337,4
87,"Factorio",13027,26076,8393752,4
88,"The Witcher 3: Wild Hunt",13017,37127,8632901,4
89,"ARK: Survival Evolved",12841,30335,9519611,4
90,"Sid Meier's Civilization V",12518,20072,7341373,4
91,"Brawlhalla",12378,17093,5456283,4
92,"eFootball™",12343,24080,7014380,4
93,"NBA 2K26",12081,26548,8331038,4
94,"American Truck Simulator",11964,15461,3896402,4
95,"Phasmophobia",11905,42696,6851440,4
96,"Yu-Gi-Oh!  Master Duel",11683,30340,8289466,4
97,"Football Manager 2024",11478,28916,9433557,4
98,"Hades II",11321,25781,8093795,4
99,"Kingdom Come: Deliverance II",10943,44866,10845906,4
100,"THE FINALS",10832,15772,5227539,4
101,"MapleStory",10782,15569,5553155,5
102,"OBS Studio",10776,28793,9130507,5
103,"Soundpad",10530,22527,7304574,5
104,"Don't Starve Together",10491,59041,13328946,5
105,"Schedule I",10306,21024,5401431,5
106,"Secret Of Magia",10279,11230,934314,5
107,"Stellaris",10251,19713,6483031,5
108,"Slay the Spire",10235,20370,6298215,5
109,"Once Human",10181,30500,8064627,5
110,"Revolution Idle",9811,12885,5486280,5
111,"Unturned",9556,14815,5681538,5
112,"Cookie Clicker",9503,11953,5510819,5
113,"Off The Grid",9347,12481,3775840,5
114,"INAZUMA ELEVEN: Victory Road",9290,42009,7946427,5
115,"Path of Exile 2",9254,21179,5426183,5
116,"Balatro",9249,12161,4677379,5
117,"EA SPORTS FC 25",9232,24721,6870225,5
118,"Warhammer 40,000: Space Marine 2",9190,24122,6382119,5
119,"Dispatch",9139,32150,8191917,5
120,"Magic: The Gathering Arena",9090,11421,4208989,5
121,"Hollow Knight",8949,29926,7043608,5
122,"Bloons TD 6",8556,13936,4615500,5
123,"NARAKA: BLADEPOINT",8475,125139,22249297,5
124,"Blender",8453,15059,5556720,5
125,"SCUM",8317,19049,6270753,5
126,"Arma Reforger",8263,14853,4203999,6
127,"Assetto Corsa",8150,18528,5393484,6
128,"Monster Hunter Wilds",8116,34191,7474724,6
129,"Lost Ark",7946,16125,5125162,6
130,"The Elder Scrolls Online",7946,13909,4711933,6
131,"VTube Studio",7575,19693,5691705,6
132,"Cities: Skylines II",7512,24356,5607564,6
133,"Wuthering Waves",7204,27939,5773819,6
134,"THRONE AND LIBERTY",7190,20217,4548037,6
135,"Halo: The Master Chief Collection",7176,12154,3081400,6
136,"Street Fighter™ 6",7175,35503,8364348,6
137,"Amarillo's Butt Slapper",7147,8583,3236521,6
138,"Palia",7144,13294,3584061,6
139,"Oxygen Not Included",7069,19617,5610122,6
140,"Blue Protocol: Star Resonance",6840,20292,4275059,6
141,"Tabletop Simulator",6826,10357,3107760,6
142,"Half Sword Demo",6825,9147,2763608,6
143,"Forza Horizon 5",6733,34269,7601073,6
144,"Albion Online",6702,12895,4011971,6
145,"Fallout: New Vegas",6649,8290,2646130,6
146,"Warhammer: Vermintide 2",6616,38144,6449139,6
147,"Sid Meier's Civilization VII",6598,13972,4008903,6
148,"Hunt: Showdown 1896",6523,30235,7167157,6
149,"Borderlands® 4",6514,19735,4818494,6
150,"Escape from Duckov",6482,163965,18910931,6
151,"DSX",6407,8112,3142730,7
152,"The Planet Crafter",6407,18434,4702423,7
153,"Call of Duty: Black Ops III",6346,10280,2795208,7
154,"YoloMouse",6326,11560,4440832,7
155,"skate.",6253,15972,3682323,7
156,"Age of Empires IV: Anniversary Edition",6233,23530,5957782,7
157,"Guild Wars 2",6204,10846,3228286,7
158,"Ghost of Tsushima DIRECTOR'S CUT",6001,14864,3971786,7
159,"Arma 3",5978,14712,3810232,7
160,"Summoners War",5875,9522,3543326,7
161,"The First Descendant",5777,13312,3695914,7
162,"The Isle",5708,9049,3393405,7
163,"Squad",5698,17114,4960467,7
164,"F1® 25",5624,16919,3815302,7
165,"Digimon Story Time Stranger",5485,12787,2618242,7
166,"EA SPORTS™ Madden NFL 26",5477,6597,1722361,7
167,"Monster Hunter: World",5419,26749,6312415,7
168,"SMITE 2",5414,6328,1953957,7
169,"Counter-Strike",5404,14191,4332165,7
170,"MIR4",5378,13600,6714659,7
171,"Conan Exiles",5363,10853,3075628,7
172,"Core Keeper",5361,10564,2030827,7
173,"Sons Of The Forest",5317,34131,4743682,7
174,"Cities: Skylines",5314,14170,4277966,7
175,"Europa Universalis IV",5293,14034,4118311,7
176,"Among Us",5222,14125,2956164,8
177,"theHunter: Call of the Wild™",5202,8780,2676796,8
178,"Aseprite",5118,5843,2657944,8
179,"Deep Rock Galactic",5115,13446,3434915,8
180,"Russian Fishing 4",5007,21555,6067606,8
181,"TEKKEN 8",4898,8995,2942072,8
182,"RV There Yet?",4888,38102,4844564,8
183,"World of Tanks",4855,16918,3636756,8
184,"V Rising",4841,11383,2793191,8
185,"Plants vs. Zombies™ Garden Warfare 2: Deluxe Edition",4820,6576,848321,8
186,"DARK SOULS™ III",4780,9386,2775705,8
187,"Elite Dangerous",4673,8261,2542794,8
188,"MY HERO ULTRA RUMBLE",4602,6399,2335911,8
189,"BALL x PIT",4438,15484,3498378,8
190,"Disney Dreamlight Valley",4423,11307,2674280,8
191,"Dune: Awakening",4422,10499,2744156,8
192,"Space Engineers",4367,7873,2333415,8
193,"Kenshi",4272,7521,2711768,8
194,"Persona 5 Royal",4255,11807,3171898,8
195,"Ready or Not",4254,10083,2785174,8
196,"Shadowverse: Worlds Beyond",4209,23839,4566941,8
197,"Lossless Scaling",4122,10601,3111140,8
198,"BLOODSTRIKE",4117,5766,1946521,8
199,"DARK SOULS™: REMASTERED",4099,6578,1916123,8
200,"Total War: ROME II - Emperor Edition",4050,8075,2354367,8
201,"Vampire Survivors",4004,10169,2769562,9
202,"Lethal Company",3951,8071,2260555,9
203,"STALCRAFT: X",3936,24323,5457968,9
204,"Supermarket Together",3933,9613,2825707,9
205,"God of War",3930,9026,2110088,9
206,"VPet",3909,12661,3651312,9
207,"Brotato",3909,11985,3316363,9
208,"Crab Game",3908,4257,665225,9
209,"Marvel’s Spider-Man Remastered",3901,9822,2507290,9
210,"Farming Simulator 22",3870,15189,3506254,9
211,"Unnamed Space Idle",3831,5551,2369259,9
212,"Coral Island",3813,5317,1358417,9
213,"Diablo® IV",3772,11605,3412258,9
214,"People Playground",3771,6571,2082242,9
215,"STAR WARS™: The Old Republic™",3768,5878,1801798,9
216,"Dying Light: The Beast",3742,11923,2925489,9
217,"Raft",3734,11036,3018429,9
218,"Call to Arms - Gates of Hell: Ostfront",3717,8911,2076084,9
219,"EVE Online",3682,5955,2174070,9
220,"Solo Leveling: ARISE OVERDRIVE",3675,12812,1787689,9
221,"Sea of Thieves",3659,8911,2156246,9
222,"Killing Floor 2",3583,4479,1796964,9
223,"Warhammer 40,000: Rogue Trader",3562,9897,2438808,9
224,"Anno 117: Pax Romana",3558,21695,3048476,9
225,"Manor Lords",3540,7961,1871751,9
226,"NBA 2K25",3538,16494,4208911,10
227,"REMATCH",3536,5345,1413194,10
228,"S.T.A.L.K.E.R. 2: Heart of Chornobyl",3516,13049,3152235,10
229,"MX Bikes",3497,4209,1366015,10
230,"Hades",3480,8429,2521878,10
231,"VEIN",3473,9376,2017653,10
232,"Resident Evil 4",3469,9161,2385227,10
233,"Hell Let Loose",3401,7866,1645095,10
234,"NGU IDLE",3337,3835,1794544,10
235,"Black Myth: Wukong",3337,21343,4903322,10
236,"Supermarket Simulator",3310,6710,2019866,10
237,"Upload Labs",3286,5044,1596965,10
238,"OVR Advanced Settings",3285,5635,2047727,10
239,"Guild Wars",3285,5580,557266,10
240,"God of War Ragnarök",3257,6014,1574418,10
241,"Age of Empires III: Definitive Edition",3213,5907,1987247,10
242,"Dark and Darker",3212,9243,2720630,10
243,"The Last Caretaker",3209,10730,2291806,10
244,"Tom Clancy's The Division 2",3197,5027,1537019,10
245,"Microsoft Flight Simulator 2024",3191,5422,1605755,10
246,"Crosshair V2",3189,7640,2006948,10
247,"RuneScape",3180,3911,1250104,10
248,"For Honor",3177,4402,1277548,10
249,"Medieval Dynasty",3110,7190,1312273,10
250,"The Outlast Trials",3103,11317,1735392,10
